"","Y","Treatment","Pasture","CPNM","Sim.Type","observed","uncertainty","simulated"
"1",2014,"CARM","10S","CSAG","Spatial Variability",299.81,78.69,243.37
"2",2014,"CARM","10S","CSAG","No Variability",299.81,78.69,511.73
"3",2014,"CARM","10S","CSPG","No Variability",124.76,95.02,311.51
"4",2014,"CARM","10S","CSPG","Spatial Variability",124.76,95.02,308.16
"5",2014,"CARM","10S","FORB","No Variability",499.95,64.55,283.65
"6",2014,"CARM","10S","FORB","Spatial Variability",499.95,64.55,216.7
"7",2014,"CARM","10S","WSPG","No Variability",593.13,32.12,473.92
"8",2014,"CARM","10S","WSPG","Spatial Variability",593.13,32.12,472.54
"9",2014,"CARM","17S","CSAG","Spatial Variability",117.44,148.72,97.27
"10",2014,"CARM","17S","CSAG","No Variability",117.44,148.72,86.83
"11",2014,"CARM","17S","CSPG","No Variability",760.92,100.32,652.78
"12",2014,"CARM","17S","CSPG","Spatial Variability",760.92,100.32,810.36
"13",2014,"CARM","17S","FORB","Spatial Variability",91.2,100.77,129.87
"14",2014,"CARM","17S","FORB","No Variability",91.2,100.77,66.47
"15",2014,"CARM","17S","WSPG","No Variability",573.72,57.57,320.21
"16",2014,"CARM","17S","WSPG","Spatial Variability",573.72,57.57,330.54
"17",2014,"CARM","18S","CSAG","Spatial Variability",53.08,94.31,15.48
"18",2014,"CARM","18S","CSAG","No Variability",53.08,94.31,23.29
"19",2014,"CARM","18S","CSPG","No Variability",1239.4,40.27,1311.85
"20",2014,"CARM","18S","CSPG","Spatial Variability",1239.4,40.27,1513.32
"21",2014,"CARM","18S","FORB","Spatial Variability",137.04,131.28,172.44
"22",2014,"CARM","18S","FORB","No Variability",137.04,131.28,61.61
"23",2014,"CARM","18S","WSPG","No Variability",484.31,27.13,254.64
"24",2014,"CARM","18S","WSPG","Spatial Variability",484.31,27.13,268.36
"25",2014,"CARM","20NW","CSAG","Spatial Variability",97.03,124.67,160.74
"26",2014,"CARM","20NW","CSAG","No Variability",97.03,124.67,118.82
"27",2014,"CARM","20NW","CSPG","Spatial Variability",913.57,85.3,742.51
"28",2014,"CARM","20NW","CSPG","No Variability",913.57,85.3,1241.32
"29",2014,"CARM","20NW","FORB","Spatial Variability",108.47,59.45,378.14
"30",2014,"CARM","20NW","FORB","No Variability",108.47,59.45,226.63
"31",2014,"CARM","20NW","WSPG","Spatial Variability",532.59,52.86,304.13
"32",2014,"CARM","20NW","WSPG","No Variability",532.59,52.86,349.43
"33",2014,"CARM","21N","CSAG","Spatial Variability",55.3,141.52,87.68
"34",2014,"CARM","21N","CSAG","No Variability",55.3,141.52,121.74
"35",2014,"CARM","21N","CSPG","No Variability",404.12,92.04,666.2
"36",2014,"CARM","21N","CSPG","Spatial Variability",404.12,92.04,320.92
"37",2014,"CARM","21N","FORB","No Variability",131.96,11.97,408.71
"38",2014,"CARM","21N","FORB","Spatial Variability",131.96,11.97,365.43
"39",2014,"CARM","21N","WSPG","No Variability",548.25,16.87,652.95
"40",2014,"CARM","21N","WSPG","Spatial Variability",548.25,16.87,437.68
"41",2014,"CARM","25NW","CSAG","No Variability",202.9,38.45,524.13
"42",2014,"CARM","25NW","CSAG","Spatial Variability",202.9,38.45,196.64
"43",2014,"CARM","25NW","CSPG","No Variability",86.21,100.31,440.93
"44",2014,"CARM","25NW","CSPG","Spatial Variability",86.21,100.31,387.11
"45",2014,"CARM","25NW","FORB","Spatial Variability",91.96,60.85,255.42
"46",2014,"CARM","25NW","FORB","No Variability",91.96,60.85,216.31
"47",2014,"CARM","25NW","WSPG","No Variability",385.89,47.86,509.04
"48",2014,"CARM","25NW","WSPG","Spatial Variability",385.89,47.86,391.18
"49",2014,"CARM","26W","CSAG","Spatial Variability",491.64,21.42,900.28
"50",2014,"CARM","26W","CSAG","No Variability",491.64,21.42,1593.08
"51",2014,"CARM","26W","CSPG","No Variability",62.4,40.4,294.63
"52",2014,"CARM","26W","CSPG","Spatial Variability",62.4,40.4,236.91
"53",2014,"CARM","26W","FORB","No Variability",392.04,90.49,375.59
"54",2014,"CARM","26W","FORB","Spatial Variability",392.04,90.49,299.42
"55",2014,"CARM","26W","WSPG","Spatial Variability",405.16,36.83,382.27
"56",2014,"CARM","26W","WSPG","No Variability",405.16,36.83,440.62
"57",2014,"CARM","31W","CSAG","No Variability",174.95,117.56,97.31
"58",2014,"CARM","31W","CSAG","Spatial Variability",174.95,117.56,106.72
"59",2014,"CARM","31W","CSPG","No Variability",102.19,138.76,236.66
"60",2014,"CARM","31W","CSPG","Spatial Variability",102.19,138.76,696.2
"61",2014,"CARM","31W","FORB","Spatial Variability",103.58,56.48,349.03
"62",2014,"CARM","31W","FORB","No Variability",103.58,56.48,187.57
"63",2014,"CARM","31W","WSPG","No Variability",306.9,36.38,322.27
"64",2014,"CARM","31W","WSPG","Spatial Variability",306.9,36.38,435.09
"65",2014,"CARM","7SE","CSAG","Spatial Variability",141.79,70.25,40.51
"66",2014,"CARM","7SE","CSAG","No Variability",141.79,70.25,42.46
"67",2014,"CARM","7SE","CSPG","Spatial Variability",389.36,84.87,682.39
"68",2014,"CARM","7SE","CSPG","No Variability",389.36,84.87,519.15
"69",2014,"CARM","7SE","FORB","Spatial Variability",89.38,100.64,180.09
"70",2014,"CARM","7SE","FORB","No Variability",89.38,100.64,53.83
"71",2014,"CARM","7SE","WSPG","No Variability",759.24,25.61,207.95
"72",2014,"CARM","7SE","WSPG","Spatial Variability",759.24,25.61,282.88
"73",2014,"CARM","8E","CSAG","Spatial Variability",81.1,115.58,54.66
"74",2014,"CARM","8E","CSAG","No Variability",81.1,115.58,28.01
"75",2014,"CARM","8E","CSPG","No Variability",267.18,60.29,311.1
"76",2014,"CARM","8E","CSPG","Spatial Variability",267.18,60.29,411.22
"77",2014,"CARM","8E","FORB","No Variability",122.57,139.98,68.12
"78",2014,"CARM","8E","FORB","Spatial Variability",122.57,139.98,143.9
"79",2014,"CARM","8E","WSPG","Spatial Variability",662.79,21.86,470.53
"80",2014,"CARM","8E","WSPG","No Variability",662.79,21.86,459.63
"81",2014,"TRM","15E","CSAG","No Variability",316.66,58.27,16.2
"82",2014,"TRM","15E","CSAG","Spatial Variability",316.66,58.27,562.32
"83",2014,"TRM","15E","CSPG","No Variability",34.92,88.53,123.31
"84",2014,"TRM","15E","CSPG","Spatial Variability",34.92,88.53,283.96
"85",2014,"TRM","15E","FORB","Spatial Variability",136.5,75.38,325.74
"86",2014,"TRM","15E","FORB","No Variability",136.5,75.38,248.62
"87",2014,"TRM","15E","WSPG","No Variability",519.7,45.76,426.56
"88",2014,"TRM","15E","WSPG","Spatial Variability",519.7,45.76,472.3
"89",2014,"TRM","17N","CSAG","Spatial Variability",181.17,80.19,97.39
"90",2014,"TRM","17N","CSAG","No Variability",181.17,80.19,109.97
"91",2014,"TRM","17N","CSPG","No Variability",749.04,85.51,541.1
"92",2014,"TRM","17N","CSPG","Spatial Variability",749.04,85.51,888.29
"93",2014,"TRM","17N","FORB","Spatial Variability",74.88,99.26,157.78
"94",2014,"TRM","17N","FORB","No Variability",74.88,99.26,61.79
"95",2014,"TRM","17N","WSPG","No Variability",690.91,37.22,308.59
"96",2014,"TRM","17N","WSPG","Spatial Variability",690.91,37.22,376.03
"97",2014,"TRM","19N","CSAG","No Variability",49.68,83.84,23.49
"98",2014,"TRM","19N","CSAG","Spatial Variability",49.68,83.84,364.65
"99",2014,"TRM","19N","CSPG","No Variability",731.81,57.6,1165.53
"100",2014,"TRM","19N","CSPG","Spatial Variability",731.81,57.6,910.34
"101",2014,"TRM","19N","FORB","Spatial Variability",200.88,118.99,226.48
"102",2014,"TRM","19N","FORB","No Variability",200.88,118.99,114.86
"103",2014,"TRM","19N","WSPG","No Variability",555.35,34.96,295
"104",2014,"TRM","19N","WSPG","Spatial Variability",555.35,34.96,322.42
"105",2014,"TRM","20SE","CSAG","Spatial Variability",134.46,111.68,32.43
"106",2014,"TRM","20SE","CSAG","No Variability",134.46,111.68,101.53
"107",2014,"TRM","20SE","CSPG","No Variability",1034.59,72.64,1666.83
"108",2014,"TRM","20SE","CSPG","Spatial Variability",1034.59,72.64,1165.41
"109",2014,"TRM","20SE","FORB","Spatial Variability",45.79,71.97,66.77
"110",2014,"TRM","20SE","FORB","No Variability",45.79,71.97,24.64
"111",2014,"TRM","20SE","WSPG","No Variability",729.95,54.49,359.76
"112",2014,"TRM","20SE","WSPG","Spatial Variability",729.95,54.49,366.4
"113",2014,"TRM","24W","CSAG","Spatial Variability",259.83,16.86,244.97
"114",2014,"TRM","24W","CSAG","No Variability",259.83,16.86,822.62
"115",2014,"TRM","24W","CSPG","No Variability",109.02,81.54,196.16
"116",2014,"TRM","24W","CSPG","Spatial Variability",109.02,81.54,332.91
"117",2014,"TRM","24W","FORB","No Variability",59.94,66.13,94.62
"118",2014,"TRM","24W","FORB","Spatial Variability",59.94,66.13,308.42
"119",2014,"TRM","24W","WSPG","No Variability",461.67,22.63,630.4
"120",2014,"TRM","24W","WSPG","Spatial Variability",461.67,22.63,466.95
"121",2014,"TRM","25SE","CSAG","Spatial Variability",276.06,35.83,338.91
"122",2014,"TRM","25SE","CSAG","No Variability",276.06,35.83,276.03
"123",2014,"TRM","25SE","CSPG","Spatial Variability",58.02,87.54,435.62
"124",2014,"TRM","25SE","CSPG","No Variability",58.02,87.54,126.6
"125",2014,"TRM","25SE","FORB","Spatial Variability",214,28.42,127.13
"126",2014,"TRM","25SE","FORB","No Variability",214,28.42,50.46
"127",2014,"TRM","25SE","WSPG","Spatial Variability",675.4,30.29,460.87
"128",2014,"TRM","25SE","WSPG","No Variability",675.4,30.29,594.81
"129",2014,"TRM","26E","CSAG","Spatial Variability",402.94,25.41,237.23
"130",2014,"TRM","26E","CSAG","No Variability",402.94,25.41,1447.66
"131",2014,"TRM","26E","CSPG","No Variability",96.4,82.2,173.24
"132",2014,"TRM","26E","CSPG","Spatial Variability",96.4,82.2,181.84
"133",2014,"TRM","26E","FORB","No Variability",192.3,73.89,210.92
"134",2014,"TRM","26E","FORB","Spatial Variability",192.3,73.89,93.14
"135",2014,"TRM","26E","WSPG","No Variability",258.54,29.1,462.05
"136",2014,"TRM","26E","WSPG","Spatial Variability",258.54,29.1,325.57
"137",2014,"TRM","31E","CSAG","Spatial Variability",41.74,86.08,516.98
"138",2014,"TRM","31E","CSAG","No Variability",41.74,86.08,49.96
"139",2014,"TRM","31E","CSPG","No Variability",145.31,98.62,170.8
"140",2014,"TRM","31E","CSPG","Spatial Variability",145.31,98.62,379.54
"141",2014,"TRM","31E","FORB","No Variability",213.23,58.5,67.67
"142",2014,"TRM","31E","FORB","Spatial Variability",213.23,58.5,296.12
"143",2014,"TRM","31E","WSPG","No Variability",483.23,13.67,248.31
"144",2014,"TRM","31E","WSPG","Spatial Variability",483.23,13.67,392.81
"145",2014,"TRM","5E","CSAG","Spatial Variability",88.97,115.73,26.57
"146",2014,"TRM","5E","CSAG","No Variability",88.97,115.73,28.03
"147",2014,"TRM","5E","CSPG","Spatial Variability",400.82,64.71,618.32
"148",2014,"TRM","5E","CSPG","No Variability",400.82,64.71,532.72
"149",2014,"TRM","5E","FORB","Spatial Variability",72.89,99.34,226.68
"150",2014,"TRM","5E","FORB","No Variability",72.89,99.34,72.58
"151",2014,"TRM","5E","WSPG","No Variability",530.56,29.28,338.78
"152",2014,"TRM","5E","WSPG","Spatial Variability",530.56,29.28,380.66
"153",2014,"TRM","7NW","CSAG","Spatial Variability",143.45,121.72,189.03
"154",2014,"TRM","7NW","CSAG","No Variability",143.45,121.72,89.95
"155",2014,"TRM","7NW","CSPG","No Variability",401.11,63.46,420.97
"156",2014,"TRM","7NW","CSPG","Spatial Variability",401.11,63.46,432.7
"157",2014,"TRM","7NW","FORB","No Variability",122.53,57.76,74.04
"158",2014,"TRM","7NW","FORB","Spatial Variability",122.53,57.76,254.86
"159",2014,"TRM","7NW","WSPG","No Variability",682.52,34.26,332.15
"160",2014,"TRM","7NW","WSPG","Spatial Variability",682.52,34.26,408.42
"161",2015,"CARM","10S","CSAG","No Variability",87.96,82.68,12.41
"162",2015,"CARM","10S","CSAG","Spatial Variability",87.96,82.68,10.25
"163",2015,"CARM","10S","CSPG","No Variability",240.88,77.28,304.94
"164",2015,"CARM","10S","CSPG","Spatial Variability",240.88,77.28,288.7
"165",2015,"CARM","10S","FORB","No Variability",444.11,109.75,189.07
"166",2015,"CARM","10S","FORB","Spatial Variability",444.11,109.75,197.95
"167",2015,"CARM","10S","WSPG","No Variability",840.53,37.42,475.5
"168",2015,"CARM","10S","WSPG","Spatial Variability",840.53,37.42,460.22
"169",2015,"CARM","17S","CSAG","Spatial Variability",31.08,94.07,34.73
"170",2015,"CARM","17S","CSAG","No Variability",31.08,94.07,27.13
"171",2015,"CARM","17S","CSPG","No Variability",718.36,98.67,391.79
"172",2015,"CARM","17S","CSPG","Spatial Variability",718.36,98.67,465.72
"173",2015,"CARM","17S","FORB","No Variability",51.51,23.65,58.59
"174",2015,"CARM","17S","FORB","Spatial Variability",51.51,23.65,62.02
"175",2015,"CARM","17S","WSPG","Spatial Variability",603.92,55.68,103.76
"176",2015,"CARM","17S","WSPG","No Variability",603.92,55.68,75.09
"177",2015,"CARM","18S","CSAG","No Variability",12.48,200,0.39
"178",2015,"CARM","18S","CSAG","Spatial Variability",12.48,200,0.24
"179",2015,"CARM","18S","CSPG","Spatial Variability",629.45,21.23,914.82
"180",2015,"CARM","18S","CSPG","No Variability",629.45,21.23,898.29
"181",2015,"CARM","18S","FORB","No Variability",349.93,92.58,123.91
"182",2015,"CARM","18S","FORB","Spatial Variability",349.93,92.58,220.75
"183",2015,"CARM","18S","WSPG","No Variability",429.11,41.77,234.14
"184",2015,"CARM","18S","WSPG","Spatial Variability",429.11,41.77,267.99
"185",2015,"CARM","20NW","CSAG","Spatial Variability",34.35,155.68,5.45
"186",2015,"CARM","20NW","CSAG","No Variability",34.35,155.68,2.99
"187",2015,"CARM","20NW","CSPG","No Variability",731.27,57.59,1411.29
"188",2015,"CARM","20NW","CSPG","Spatial Variability",731.27,57.59,941.93
"189",2015,"CARM","20NW","FORB","No Variability",151.1,91.94,219.68
"190",2015,"CARM","20NW","FORB","Spatial Variability",151.1,91.94,276.7
"191",2015,"CARM","20NW","WSPG","Spatial Variability",669.34,46.03,304.96
"192",2015,"CARM","20NW","WSPG","No Variability",669.34,46.03,425.45
"193",2015,"CARM","21N","CSAG","Spatial Variability",1.85,103.77,4.78
"194",2015,"CARM","21N","CSAG","No Variability",1.85,103.77,0.33
"195",2015,"CARM","21N","CSPG","No Variability",153.01,75.48,689.56
"196",2015,"CARM","21N","CSPG","Spatial Variability",153.01,75.48,303.51
"197",2015,"CARM","21N","FORB","No Variability",292.88,91.88,387.96
"198",2015,"CARM","21N","FORB","Spatial Variability",292.88,91.88,295.38
"199",2015,"CARM","21N","WSPG","No Variability",695.65,24.53,644.91
"200",2015,"CARM","21N","WSPG","Spatial Variability",695.65,24.53,473.37
"201",2015,"CARM","25NW","CSAG","No Variability",99.97,91.57,17.68
"202",2015,"CARM","25NW","CSAG","Spatial Variability",99.97,91.57,6.7
"203",2015,"CARM","25NW","CSPG","No Variability",474.35,97.87,482.41
"204",2015,"CARM","25NW","CSPG","Spatial Variability",474.35,97.87,201.87
"205",2015,"CARM","25NW","FORB","Spatial Variability",164.28,64.32,148.61
"206",2015,"CARM","25NW","FORB","No Variability",164.28,64.32,224.31
"207",2015,"CARM","25NW","WSPG","No Variability",867.37,15.37,532.57
"208",2015,"CARM","25NW","WSPG","Spatial Variability",867.37,15.37,348.46
"209",2015,"CARM","26W","CSAG","Spatial Variability",52.34,64.06,28.37
"210",2015,"CARM","26W","CSAG","No Variability",52.34,64.06,60.98
"211",2015,"CARM","26W","CSPG","No Variability",151.37,37.68,319.63
"212",2015,"CARM","26W","CSPG","Spatial Variability",151.37,37.68,246.06
"213",2015,"CARM","26W","FORB","No Variability",1139.73,17.02,414.53
"214",2015,"CARM","26W","FORB","Spatial Variability",1139.73,17.02,390.46
"215",2015,"CARM","26W","WSPG","No Variability",264.39,33.43,488.99
"216",2015,"CARM","26W","WSPG","Spatial Variability",264.39,33.43,368.07
"217",2015,"CARM","31W","CSAG","No Variability",54.69,79.66,11.73
"218",2015,"CARM","31W","CSAG","Spatial Variability",54.69,79.66,15.79
"219",2015,"CARM","31W","CSPG","No Variability",601.57,103.54,212.94
"220",2015,"CARM","31W","CSPG","Spatial Variability",601.57,103.54,387.88
"221",2015,"CARM","31W","FORB","Spatial Variability",169.53,54.67,256.19
"222",2015,"CARM","31W","FORB","No Variability",169.53,54.67,146.77
"223",2015,"CARM","31W","WSPG","No Variability",1010.43,51.21,342.12
"224",2015,"CARM","31W","WSPG","Spatial Variability",1010.43,51.21,451.16
"225",2015,"CARM","7SE","CSAG","Spatial Variability",47.65,81.86,8.99
"226",2015,"CARM","7SE","CSAG","No Variability",47.65,81.86,8.59
"227",2015,"CARM","7SE","CSPG","Spatial Variability",569.18,65.4,529.7
"228",2015,"CARM","7SE","CSPG","No Variability",569.18,65.4,484.48
"229",2015,"CARM","7SE","FORB","No Variability",74.65,125.67,79.22
"230",2015,"CARM","7SE","FORB","Spatial Variability",74.65,125.67,254.27
"231",2015,"CARM","7SE","WSPG","No Variability",611.68,29.15,386.23
"232",2015,"CARM","7SE","WSPG","Spatial Variability",611.68,29.15,380.38
"233",2015,"CARM","8E","CSAG","Spatial Variability",9.75,184.62,4.63
"234",2015,"CARM","8E","CSAG","No Variability",9.75,184.62,0.33
"235",2015,"CARM","8E","CSPG","No Variability",342.96,52.26,302.38
"236",2015,"CARM","8E","CSPG","Spatial Variability",342.96,52.26,271.76
"237",2015,"CARM","8E","FORB","Spatial Variability",102.83,76.02,121.33
"238",2015,"CARM","8E","FORB","No Variability",102.83,76.02,105.98
"239",2015,"CARM","8E","WSPG","No Variability",611.72,47.72,479.66
"240",2015,"CARM","8E","WSPG","Spatial Variability",611.72,47.72,391.13
"241",2015,"TRM","15E","CSAG","No Variability",92.06,45.4,4.05
"242",2015,"TRM","15E","CSAG","Spatial Variability",92.06,45.4,4.02
"243",2015,"TRM","15E","CSPG","Spatial Variability",74.88,41.39,253.11
"244",2015,"TRM","15E","CSPG","No Variability",74.88,41.39,107.64
"245",2015,"TRM","15E","FORB","Spatial Variability",91.16,44.1,222.01
"246",2015,"TRM","15E","FORB","No Variability",91.16,44.1,203.12
"247",2015,"TRM","15E","WSPG","No Variability",705.98,17.12,434.65
"248",2015,"TRM","15E","WSPG","Spatial Variability",705.98,17.12,464.55
"249",2015,"TRM","17N","CSAG","Spatial Variability",39.87,111.39,10.67
"250",2015,"TRM","17N","CSAG","No Variability",39.87,111.39,8.41
"251",2015,"TRM","17N","CSPG","No Variability",1107.36,71.44,537.98
"252",2015,"TRM","17N","CSPG","Spatial Variability",1107.36,71.44,756.49
"253",2015,"TRM","17N","FORB","No Variability",101.29,50.18,91.85
"254",2015,"TRM","17N","FORB","Spatial Variability",101.29,50.18,136.17
"255",2015,"TRM","17N","WSPG","Spatial Variability",782.6,38.31,385.67
"256",2015,"TRM","17N","WSPG","No Variability",782.6,38.31,360.66
"257",2015,"TRM","19N","CSAG","No Variability",43.69,71.88,0.4
"258",2015,"TRM","19N","CSAG","Spatial Variability",43.69,71.88,0.27
"259",2015,"TRM","19N","CSPG","No Variability",887.32,56.62,1101.14
"260",2015,"TRM","19N","CSPG","Spatial Variability",887.32,56.62,791.72
"261",2015,"TRM","19N","FORB","Spatial Variability",38.52,71.43,208.27
"262",2015,"TRM","19N","FORB","No Variability",38.52,71.43,156.65
"263",2015,"TRM","19N","WSPG","No Variability",584.82,50.76,297.81
"264",2015,"TRM","19N","WSPG","Spatial Variability",584.82,50.76,273.61
"265",2015,"TRM","20SE","CSAG","Spatial Variability",19.62,201.08,10.33
"266",2015,"TRM","20SE","CSAG","No Variability",19.62,201.08,6.78
"267",2015,"TRM","20SE","CSPG","Spatial Variability",768.59,57.97,1048.77
"268",2015,"TRM","20SE","CSPG","No Variability",768.59,57.97,1787.3
"269",2015,"TRM","20SE","FORB","No Variability",84.46,80.72,33.81
"270",2015,"TRM","20SE","FORB","Spatial Variability",84.46,80.72,94.22
"271",2015,"TRM","20SE","WSPG","Spatial Variability",825.95,80.09,291.89
"272",2015,"TRM","20SE","WSPG","No Variability",825.95,80.09,409.74
"273",2015,"TRM","24W","CSAG","Spatial Variability",53.21,56.74,6.69
"274",2015,"TRM","24W","CSAG","No Variability",53.21,56.74,0.36
"275",2015,"TRM","24W","CSPG","Spatial Variability",231.19,77.68,202.24
"276",2015,"TRM","24W","CSPG","No Variability",231.19,77.68,197.45
"277",2015,"TRM","24W","FORB","No Variability",64.35,72.78,148.6
"278",2015,"TRM","24W","FORB","Spatial Variability",64.35,72.78,244.97
"279",2015,"TRM","24W","WSPG","No Variability",880.19,11.49,599.75
"280",2015,"TRM","24W","WSPG","Spatial Variability",880.19,11.49,453.18
"281",2015,"TRM","25SE","CSAG","Spatial Variability",62.46,110.14,10.93
"282",2015,"TRM","25SE","CSAG","No Variability",62.46,110.14,24.78
"283",2015,"TRM","25SE","CSPG","Spatial Variability",107.27,63.42,204.8
"284",2015,"TRM","25SE","CSPG","No Variability",107.27,63.42,114.53
"285",2015,"TRM","25SE","FORB","Spatial Variability",220.16,79.7,196.41
"286",2015,"TRM","25SE","FORB","No Variability",220.16,79.7,71.16
"287",2015,"TRM","25SE","WSPG","No Variability",684.02,36.98,558.65
"288",2015,"TRM","25SE","WSPG","Spatial Variability",684.02,36.98,515.17
"289",2015,"TRM","26E","CSAG","Spatial Variability",54.69,85.42,18.5
"290",2015,"TRM","26E","CSAG","No Variability",54.69,85.42,9.86
"291",2015,"TRM","26E","CSPG","No Variability",136.1,40.35,190.22
"292",2015,"TRM","26E","CSPG","Spatial Variability",136.1,40.35,172.21
"293",2015,"TRM","26E","FORB","No Variability",539.98,77.55,238.24
"294",2015,"TRM","26E","FORB","Spatial Variability",539.98,77.55,289.03
"295",2015,"TRM","26E","WSPG","No Variability",399.74,24.41,469.79
"296",2015,"TRM","26E","WSPG","Spatial Variability",399.74,24.41,271.55
"297",2015,"TRM","31E","CSAG","Spatial Variability",13.83,170.76,4.12
"298",2015,"TRM","31E","CSAG","No Variability",13.83,170.76,0.24
"299",2015,"TRM","31E","CSPG","No Variability",280.87,29.54,134.62
"300",2015,"TRM","31E","CSPG","Spatial Variability",280.87,29.54,262.19
"301",2015,"TRM","31E","FORB","No Variability",302.26,61.48,77.88
"302",2015,"TRM","31E","FORB","Spatial Variability",302.26,61.48,218.6
"303",2015,"TRM","31E","WSPG","No Variability",1007.64,5.69,161.07
"304",2015,"TRM","31E","WSPG","Spatial Variability",1007.64,5.69,310.64
"305",2015,"TRM","5E","CSAG","Spatial Variability",2.29,200,0.35
"306",2015,"TRM","5E","CSAG","No Variability",2.29,200,0.35
"307",2015,"TRM","5E","CSPG","Spatial Variability",851.73,52.32,643.55
"308",2015,"TRM","5E","CSPG","No Variability",851.73,52.32,507.61
"309",2015,"TRM","5E","FORB","Spatial Variability",96.27,66.73,158.93
"310",2015,"TRM","5E","FORB","No Variability",96.27,66.73,92.86
"311",2015,"TRM","5E","WSPG","No Variability",652.02,35.81,325.42
"312",2015,"TRM","5E","WSPG","Spatial Variability",652.02,35.81,390.54
"313",2015,"TRM","7NW","CSAG","No Variability",42.14,207.91,15.56
"314",2015,"TRM","7NW","CSAG","Spatial Variability",42.14,207.91,13.36
"315",2015,"TRM","7NW","CSPG","No Variability",324.28,131.45,383.53
"316",2015,"TRM","7NW","CSPG","Spatial Variability",324.28,131.45,363.72
"317",2015,"TRM","7NW","FORB","No Variability",139.58,175.59,104.25
"318",2015,"TRM","7NW","FORB","Spatial Variability",139.58,175.59,222.74
"319",2015,"TRM","7NW","WSPG","No Variability",623.18,28.98,349.21
"320",2015,"TRM","7NW","WSPG","Spatial Variability",623.18,28.98,358.54
"321",2016,"CARM","10S","CSAG","Spatial Variability",346.84,52.05,11.46
"322",2016,"CARM","10S","CSAG","No Variability",346.84,52.05,8.38
"323",2016,"CARM","10S","CSPG","No Variability",210.3,58.58,166.36
"324",2016,"CARM","10S","CSPG","Spatial Variability",210.3,58.58,127.92
"325",2016,"CARM","10S","FORB","Spatial Variability",52.2,73.03,33.51
"326",2016,"CARM","10S","FORB","No Variability",52.2,73.03,53.26
"327",2016,"CARM","10S","WSPG","No Variability",277.14,23.87,138.73
"328",2016,"CARM","10S","WSPG","Spatial Variability",277.14,23.87,132.01
"329",2016,"CARM","17S","CSAG","Spatial Variability",154.37,134.52,17.84
"330",2016,"CARM","17S","CSAG","No Variability",154.37,134.52,13.64
"331",2016,"CARM","17S","CSPG","No Variability",422.6,114.22,211.61
"332",2016,"CARM","17S","CSPG","Spatial Variability",422.6,114.22,262.43
"333",2016,"CARM","17S","FORB","Spatial Variability",39.09,104.07,24.1
"334",2016,"CARM","17S","FORB","No Variability",39.09,104.07,18.35
"335",2016,"CARM","17S","WSPG","Spatial Variability",351.76,79.43,84.94
"336",2016,"CARM","17S","WSPG","No Variability",351.76,79.43,98.82
"337",2016,"CARM","18S","CSAG","No Variability",36.67,107.88,4.27
"338",2016,"CARM","18S","CSAG","Spatial Variability",36.67,107.88,4.05
"339",2016,"CARM","18S","CSPG","No Variability",826.47,35.47,612.86
"340",2016,"CARM","18S","CSPG","Spatial Variability",826.47,35.47,538.5
"341",2016,"CARM","18S","FORB","Spatial Variability",33.24,84.98,43.57
"342",2016,"CARM","18S","FORB","No Variability",33.24,84.98,28.39
"343",2016,"CARM","18S","WSPG","No Variability",127.65,21.99,87.31
"344",2016,"CARM","18S","WSPG","Spatial Variability",127.65,21.99,96.19
"345",2016,"CARM","20NW","CSAG","Spatial Variability",121.81,189.94,7.76
"346",2016,"CARM","20NW","CSAG","No Variability",121.81,189.94,5.91
"347",2016,"CARM","20NW","CSPG","Spatial Variability",718.13,55.56,408.74
"348",2016,"CARM","20NW","CSPG","No Variability",718.13,55.56,730.81
"349",2016,"CARM","20NW","FORB","Spatial Variability",65.28,102.01,28.06
"350",2016,"CARM","20NW","FORB","No Variability",65.28,102.01,25.12
"351",2016,"CARM","20NW","WSPG","No Variability",315.04,52.32,110.66
"352",2016,"CARM","20NW","WSPG","Spatial Variability",315.04,52.32,88.21
"353",2016,"CARM","21N","CSAG","Spatial Variability",95.1,58.12,15.09
"354",2016,"CARM","21N","CSAG","No Variability",95.1,58.12,18.32
"355",2016,"CARM","21N","CSPG","No Variability",244.84,79.95,346.16
"356",2016,"CARM","21N","CSPG","Spatial Variability",244.84,79.95,132.73
"357",2016,"CARM","21N","FORB","No Variability",78.98,95.38,64.83
"358",2016,"CARM","21N","FORB","Spatial Variability",78.98,95.38,43.66
"359",2016,"CARM","21N","WSPG","No Variability",417.3,33.64,234.72
"360",2016,"CARM","21N","WSPG","Spatial Variability",417.3,33.64,180.36
"361",2016,"CARM","25NW","CSAG","Spatial Variability",325.04,50.62,26.62
"362",2016,"CARM","25NW","CSAG","No Variability",325.04,50.62,54.77
"363",2016,"CARM","25NW","CSPG","No Variability",187.9,58.12,258.02
"364",2016,"CARM","25NW","CSPG","Spatial Variability",187.9,58.12,118.24
"365",2016,"CARM","25NW","FORB","No Variability",27.04,51.51,41.06
"366",2016,"CARM","25NW","FORB","Spatial Variability",27.04,51.51,28.33
"367",2016,"CARM","25NW","WSPG","No Variability",321.4,36,217.88
"368",2016,"CARM","25NW","WSPG","Spatial Variability",321.4,36,129.55
"369",2016,"CARM","26W","CSAG","Spatial Variability",289.15,38.18,64.33
"370",2016,"CARM","26W","CSAG","No Variability",289.15,38.18,115.35
"371",2016,"CARM","26W","CSPG","No Variability",126.91,43.75,184.05
"372",2016,"CARM","26W","CSPG","Spatial Variability",126.91,43.75,134.59
"373",2016,"CARM","26W","FORB","No Variability",45.48,75.66,80.87
"374",2016,"CARM","26W","FORB","Spatial Variability",45.48,75.66,68.64
"375",2016,"CARM","26W","WSPG","No Variability",203.23,14.73,201.74
"376",2016,"CARM","26W","WSPG","Spatial Variability",203.23,14.73,142.13
"377",2016,"CARM","31W","CSAG","Spatial Variability",215.17,65.02,11.52
"378",2016,"CARM","31W","CSAG","No Variability",215.17,65.02,7.11
"379",2016,"CARM","31W","CSPG","No Variability",211.07,103.76,104.15
"380",2016,"CARM","31W","CSPG","Spatial Variability",211.07,103.76,239.89
"381",2016,"CARM","31W","FORB","No Variability",13.42,98.49,25.17
"382",2016,"CARM","31W","FORB","Spatial Variability",13.42,98.49,29.79
"383",2016,"CARM","31W","WSPG","No Variability",358.94,60.36,92.76
"384",2016,"CARM","31W","WSPG","Spatial Variability",358.94,60.36,152.05
"385",2016,"CARM","7SE","CSAG","Spatial Variability",260.06,70.39,13.59
"386",2016,"CARM","7SE","CSAG","No Variability",260.06,70.39,10.7
"387",2016,"CARM","7SE","CSPG","Spatial Variability",484,62.36,254.89
"388",2016,"CARM","7SE","CSPG","No Variability",484,62.36,249.67
"389",2016,"CARM","7SE","FORB","No Variability",10.65,72.06,24.39
"390",2016,"CARM","7SE","FORB","Spatial Variability",10.65,72.06,59.32
"391",2016,"CARM","7SE","WSPG","No Variability",247.24,48.58,144.33
"392",2016,"CARM","7SE","WSPG","Spatial Variability",247.24,48.58,156.7
"393",2016,"CARM","8E","CSAG","Spatial Variability",32.83,173.74,22.72
"394",2016,"CARM","8E","CSAG","No Variability",32.83,173.74,33.66
"395",2016,"CARM","8E","CSPG","No Variability",323.93,43.85,159.32
"396",2016,"CARM","8E","CSPG","Spatial Variability",323.93,43.85,143.85
"397",2016,"CARM","8E","FORB","No Variability",65.83,73.23,28.76
"398",2016,"CARM","8E","FORB","Spatial Variability",65.83,73.23,29.52
"399",2016,"CARM","8E","WSPG","Spatial Variability",373.38,44.33,133.18
"400",2016,"CARM","8E","WSPG","No Variability",373.38,44.33,116.35
"401",2016,"TRM","15E","CSAG","No Variability",339.47,24.66,50.87
"402",2016,"TRM","15E","CSAG","Spatial Variability",339.47,24.66,48.49
"403",2016,"TRM","15E","CSPG","Spatial Variability",64.45,105.24,138.63
"404",2016,"TRM","15E","CSPG","No Variability",64.45,105.24,54.92
"405",2016,"TRM","15E","FORB","Spatial Variability",58.02,65.29,56.59
"406",2016,"TRM","15E","FORB","No Variability",58.02,65.29,53
"407",2016,"TRM","15E","WSPG","No Variability",427.86,27,191.86
"408",2016,"TRM","15E","WSPG","Spatial Variability",427.86,27,171.56
"409",2016,"TRM","17N","CSAG","Spatial Variability",135.11,92.73,20.98
"410",2016,"TRM","17N","CSAG","No Variability",135.11,92.73,14.82
"411",2016,"TRM","17N","CSPG","No Variability",439.42,68.3,229.27
"412",2016,"TRM","17N","CSPG","Spatial Variability",439.42,68.3,331.72
"413",2016,"TRM","17N","FORB","Spatial Variability",103.98,111.9,31.2
"414",2016,"TRM","17N","FORB","No Variability",103.98,111.9,16.18
"415",2016,"TRM","17N","WSPG","Spatial Variability",411.97,104.32,148.02
"416",2016,"TRM","17N","WSPG","No Variability",411.97,104.32,144.73
"417",2016,"TRM","19N","CSAG","No Variability",75.95,156.17,8.53
"418",2016,"TRM","19N","CSAG","Spatial Variability",75.95,156.17,26.16
"419",2016,"TRM","19N","CSPG","Spatial Variability",821.15,42.36,353.39
"420",2016,"TRM","19N","CSPG","No Variability",821.15,42.36,594.62
"421",2016,"TRM","19N","FORB","Spatial Variability",11.87,178.77,35.76
"422",2016,"TRM","19N","FORB","No Variability",11.87,178.77,34.12
"423",2016,"TRM","19N","WSPG","Spatial Variability",124.62,48.23,52.92
"424",2016,"TRM","19N","WSPG","No Variability",124.62,48.23,146.4
"425",2016,"TRM","20SE","CSAG","Spatial Variability",58.89,140.32,6.29
"426",2016,"TRM","20SE","CSAG","No Variability",58.89,140.32,5.8
"427",2016,"TRM","20SE","CSPG","No Variability",875.15,44,841.71
"428",2016,"TRM","20SE","CSPG","Spatial Variability",875.15,44,472.06
"429",2016,"TRM","20SE","FORB","No Variability",70.82,181.4,11.43
"430",2016,"TRM","20SE","FORB","Spatial Variability",70.82,181.4,25.54
"431",2016,"TRM","20SE","WSPG","No Variability",401.36,80.42,158.57
"432",2016,"TRM","20SE","WSPG","Spatial Variability",401.36,80.42,128.36
"433",2016,"TRM","24W","CSAG","No Variability",367.69,30.36,25.74
"434",2016,"TRM","24W","CSAG","Spatial Variability",367.69,30.36,21.2
"435",2016,"TRM","24W","CSPG","Spatial Variability",122.64,68.51,120.38
"436",2016,"TRM","24W","CSPG","No Variability",122.64,68.51,105.91
"437",2016,"TRM","24W","FORB","No Variability",14.36,49.11,38.65
"438",2016,"TRM","24W","FORB","Spatial Variability",14.36,49.11,45.54
"439",2016,"TRM","24W","WSPG","Spatial Variability",375.26,35.52,157.47
"440",2016,"TRM","24W","WSPG","No Variability",375.26,35.52,251.13
"441",2016,"TRM","25SE","CSAG","Spatial Variability",222.98,56.68,31.36
"442",2016,"TRM","25SE","CSAG","No Variability",222.98,56.68,28.64
"443",2016,"TRM","25SE","CSPG","Spatial Variability",265.97,61.77,129.39
"444",2016,"TRM","25SE","CSPG","No Variability",265.97,61.77,59.14
"445",2016,"TRM","25SE","FORB","No Variability",76.32,156.17,24.88
"446",2016,"TRM","25SE","FORB","Spatial Variability",76.32,156.17,41.74
"447",2016,"TRM","25SE","WSPG","Spatial Variability",407.31,23.2,195.62
"448",2016,"TRM","25SE","WSPG","No Variability",407.31,23.2,255.65
"449",2016,"TRM","26E","CSAG","Spatial Variability",267.89,27.88,45.29
"450",2016,"TRM","26E","CSAG","No Variability",267.89,27.88,115.36
"451",2016,"TRM","26E","CSPG","No Variability",104.04,60.96,108.48
"452",2016,"TRM","26E","CSPG","Spatial Variability",104.04,60.96,102.65
"453",2016,"TRM","26E","FORB","No Variability",59.71,38.8,54.21
"454",2016,"TRM","26E","FORB","Spatial Variability",59.71,38.8,43.79
"455",2016,"TRM","26E","WSPG","No Variability",190.72,6.06,218.65
"456",2016,"TRM","26E","WSPG","Spatial Variability",190.72,6.06,120.67
"457",2016,"TRM","31E","CSAG","No Variability",155.2,71.61,14.53
"458",2016,"TRM","31E","CSAG","Spatial Variability",155.2,71.61,31.94
"459",2016,"TRM","31E","CSPG","Spatial Variability",114.36,63.6,154.02
"460",2016,"TRM","31E","CSPG","No Variability",114.36,63.6,81.86
"461",2016,"TRM","31E","FORB","No Variability",68.05,99.18,14.97
"462",2016,"TRM","31E","FORB","Spatial Variability",68.05,99.18,31.97
"463",2016,"TRM","31E","WSPG","Spatial Variability",400.22,29.17,127.42
"464",2016,"TRM","31E","WSPG","No Variability",400.22,29.17,52.48
"465",2016,"TRM","5E","CSAG","Spatial Variability",26.44,155.36,20.25
"466",2016,"TRM","5E","CSAG","No Variability",26.44,155.36,9.29
"467",2016,"TRM","5E","CSPG","Spatial Variability",577.28,18.47,316.45
"468",2016,"TRM","5E","CSPG","No Variability",577.28,18.47,288.27
"469",2016,"TRM","5E","FORB","No Variability",15.21,98.65,24.1
"470",2016,"TRM","5E","FORB","Spatial Variability",15.21,98.65,40.36
"471",2016,"TRM","5E","WSPG","No Variability",270.81,23.5,150.66
"472",2016,"TRM","5E","WSPG","Spatial Variability",270.81,23.5,125.68
"473",2016,"TRM","7NW","CSAG","Spatial Variability",174.38,119.15,9.78
"474",2016,"TRM","7NW","CSAG","No Variability",174.38,119.15,14.34
"475",2016,"TRM","7NW","CSPG","No Variability",560.53,50.76,194.41
"476",2016,"TRM","7NW","CSPG","Spatial Variability",560.53,50.76,186.3
"477",2016,"TRM","7NW","FORB","No Variability",108.14,79.52,23.24
"478",2016,"TRM","7NW","FORB","Spatial Variability",108.14,79.52,26.77
"479",2016,"TRM","7NW","WSPG","No Variability",285.8,38.25,147.83
"480",2016,"TRM","7NW","WSPG","Spatial Variability",285.8,38.25,138.8
"481",2017,"CARM","10S","CSAG","Spatial Variability",48.77,82.74,2.37
"482",2017,"CARM","10S","CSAG","No Variability",48.77,82.74,2.34
"483",2017,"CARM","10S","CSPG","Spatial Variability",110.13,28.4,150.25
"484",2017,"CARM","10S","CSPG","No Variability",110.13,28.4,200.05
"485",2017,"CARM","10S","FORB","No Variability",73.39,89.41,75.17
"486",2017,"CARM","10S","FORB","Spatial Variability",73.39,89.41,48.19
"487",2017,"CARM","10S","WSPG","Spatial Variability",286.96,16.51,129.28
"488",2017,"CARM","10S","WSPG","No Variability",286.96,16.51,141.93
"489",2017,"CARM","17S","CSAG","Spatial Variability",2.01,128.3,0.09
"490",2017,"CARM","17S","CSAG","No Variability",2.01,128.3,0.1
"491",2017,"CARM","17S","CSPG","No Variability",780.54,107.04,209.65
"492",2017,"CARM","17S","CSPG","Spatial Variability",780.54,107.04,235.93
"493",2017,"CARM","17S","FORB","Spatial Variability",112.22,87.12,86.45
"494",2017,"CARM","17S","FORB","No Variability",112.22,87.12,47.61
"495",2017,"CARM","17S","WSPG","Spatial Variability",578.47,48.09,134.12
"496",2017,"CARM","17S","WSPG","No Variability",578.47,48.09,161.22
"497",2017,"CARM","18S","CSAG","No Variability",0.48,113.07,9.86
"498",2017,"CARM","18S","CSAG","Spatial Variability",0.48,113.07,6.29
"499",2017,"CARM","18S","CSPG","Spatial Variability",863.94,26.73,294.18
"500",2017,"CARM","18S","CSPG","No Variability",863.94,26.73,181.93
"501",2017,"CARM","18S","FORB","Spatial Variability",192.13,34.65,84.49
"502",2017,"CARM","18S","FORB","No Variability",192.13,34.65,60.43
"503",2017,"CARM","18S","WSPG","No Variability",182.18,14.83,162.47
"504",2017,"CARM","18S","WSPG","Spatial Variability",182.18,14.83,135.61
"505",2017,"CARM","20NW","CSAG","Spatial Variability",0.47,146.07,0.13
"506",2017,"CARM","20NW","CSAG","No Variability",0.47,146.07,0.19
"507",2017,"CARM","20NW","CSPG","Spatial Variability",636.13,27.91,464.77
"508",2017,"CARM","20NW","CSPG","No Variability",636.13,27.91,944.25
"509",2017,"CARM","20NW","FORB","No Variability",120.76,103.65,96.38
"510",2017,"CARM","20NW","FORB","Spatial Variability",120.76,103.65,166.75
"511",2017,"CARM","20NW","WSPG","No Variability",405.13,62.99,231.76
"512",2017,"CARM","20NW","WSPG","Spatial Variability",405.13,62.99,172.05
"513",2017,"CARM","21N","CSAG","Spatial Variability",6.8,189.5,0.14
"514",2017,"CARM","21N","CSAG","No Variability",6.8,189.5,0.22
"515",2017,"CARM","21N","CSPG","No Variability",250.73,54.98,375.61
"516",2017,"CARM","21N","CSPG","Spatial Variability",250.73,54.98,149.67
"517",2017,"CARM","21N","FORB","No Variability",100.64,111.52,138.94
"518",2017,"CARM","21N","FORB","Spatial Variability",100.64,111.52,95.78
"519",2017,"CARM","21N","WSPG","No Variability",457.2,31.01,362.35
"520",2017,"CARM","21N","WSPG","Spatial Variability",457.2,31.01,254.06
"521",2017,"CARM","25NW","CSAG","No Variability",3.48,60.66,0.47
"522",2017,"CARM","25NW","CSAG","Spatial Variability",3.48,60.66,0.12
"523",2017,"CARM","25NW","CSPG","No Variability",246.83,95.91,279.01
"524",2017,"CARM","25NW","CSPG","Spatial Variability",246.83,95.91,142.59
"525",2017,"CARM","25NW","FORB","No Variability",102.93,16.03,70.19
"526",2017,"CARM","25NW","FORB","Spatial Variability",102.93,16.03,39.54
"527",2017,"CARM","25NW","WSPG","No Variability",540.82,48.62,315.69
"528",2017,"CARM","25NW","WSPG","Spatial Variability",540.82,48.62,138.44
"529",2017,"CARM","26W","CSAG","Spatial Variability",40.23,155.93,5.03
"530",2017,"CARM","26W","CSAG","No Variability",40.23,155.93,10.89
"531",2017,"CARM","26W","CSPG","No Variability",198.32,27.57,205.67
"532",2017,"CARM","26W","CSPG","Spatial Variability",198.32,27.57,139.29
"533",2017,"CARM","26W","FORB","No Variability",141.04,56.37,292.36
"534",2017,"CARM","26W","FORB","Spatial Variability",141.04,56.37,150.83
"535",2017,"CARM","26W","WSPG","No Variability",547.44,25.4,318.13
"536",2017,"CARM","26W","WSPG","Spatial Variability",547.44,25.4,195.56
"537",2017,"CARM","31W","CSAG","Spatial Variability",44.88,165.99,0.15
"538",2017,"CARM","31W","CSAG","No Variability",44.88,165.99,0.09
"539",2017,"CARM","31W","CSPG","No Variability",399.74,109.05,124.26
"540",2017,"CARM","31W","CSPG","Spatial Variability",399.74,109.05,207.48
"541",2017,"CARM","31W","FORB","No Variability",111.3,90.28,51.7
"542",2017,"CARM","31W","FORB","Spatial Variability",111.3,90.28,82
"543",2017,"CARM","31W","WSPG","Spatial Variability",387.77,65.23,236.87
"544",2017,"CARM","31W","WSPG","No Variability",387.77,65.23,136.99
"545",2017,"CARM","7SE","CSAG","Spatial Variability",3.1,77.23,0.15
"546",2017,"CARM","7SE","CSAG","No Variability",3.1,77.23,0.11
"547",2017,"CARM","7SE","CSPG","Spatial Variability",470.36,58.84,261.63
"548",2017,"CARM","7SE","CSPG","No Variability",470.36,58.84,192.79
"549",2017,"CARM","7SE","FORB","Spatial Variability",68.98,133.28,105.25
"550",2017,"CARM","7SE","FORB","No Variability",68.98,133.28,42.37
"551",2017,"CARM","7SE","WSPG","No Variability",641.96,29.92,120.67
"552",2017,"CARM","7SE","WSPG","Spatial Variability",641.96,29.92,130.16
"553",2017,"CARM","8E","CSAG","Spatial Variability",0.1,200,0.17
"554",2017,"CARM","8E","CSAG","No Variability",0.1,200,0.13
"555",2017,"CARM","8E","CSPG","Spatial Variability",373.88,36.09,140.3
"556",2017,"CARM","8E","CSPG","No Variability",373.88,36.09,124.06
"557",2017,"CARM","8E","FORB","No Variability",140.67,130.91,47.54
"558",2017,"CARM","8E","FORB","Spatial Variability",140.67,130.91,50.62
"559",2017,"CARM","8E","WSPG","No Variability",555.45,26.01,243.63
"560",2017,"CARM","8E","WSPG","Spatial Variability",555.45,26.01,258.63
"561",2017,"TRM","15E","CSAG","No Variability",30.1,137.22,0.21
"562",2017,"TRM","15E","CSAG","Spatial Variability",30.1,137.22,0.18
"563",2017,"TRM","15E","CSPG","Spatial Variability",105.45,104.39,149.25
"564",2017,"TRM","15E","CSPG","No Variability",105.45,104.39,59.88
"565",2017,"TRM","15E","FORB","Spatial Variability",88.36,58.57,109.42
"566",2017,"TRM","15E","FORB","No Variability",88.36,58.57,80.34
"567",2017,"TRM","15E","WSPG","No Variability",359.55,13.27,228.51
"568",2017,"TRM","15E","WSPG","Spatial Variability",359.55,13.27,214.4
"569",2017,"TRM","17N","CSAG","Spatial Variability",2.93,170.04,0.17
"570",2017,"TRM","17N","CSAG","No Variability",2.93,170.04,0.12
"571",2017,"TRM","17N","CSPG","No Variability",697.91,69.1,242.05
"572",2017,"TRM","17N","CSPG","Spatial Variability",697.91,69.1,270.45
"573",2017,"TRM","17N","FORB","Spatial Variability",165.16,79.76,52.4
"574",2017,"TRM","17N","FORB","No Variability",165.16,79.76,37.98
"575",2017,"TRM","17N","WSPG","Spatial Variability",637.69,59.54,236.49
"576",2017,"TRM","17N","WSPG","No Variability",637.69,59.54,258.31
"577",2017,"TRM","19N","CSAG","No Variability",4.93,191.54,0.17
"578",2017,"TRM","19N","CSAG","Spatial Variability",4.93,191.54,0.14
"579",2017,"TRM","19N","CSPG","No Variability",628.04,25.38,517.92
"580",2017,"TRM","19N","CSPG","Spatial Variability",628.04,25.38,367.83
"581",2017,"TRM","19N","FORB","No Variability",167.2,90.32,44.19
"582",2017,"TRM","19N","FORB","Spatial Variability",167.2,90.32,64.54
"583",2017,"TRM","19N","WSPG","Spatial Variability",170.09,57.26,172.53
"584",2017,"TRM","19N","WSPG","No Variability",170.09,57.26,235.07
"585",2017,"TRM","20SE","CSAG","Spatial Variability",1.57,228.51,0.18
"586",2017,"TRM","20SE","CSAG","No Variability",1.57,228.51,0.21
"587",2017,"TRM","20SE","CSPG","No Variability",681.2,47.94,951.91
"588",2017,"TRM","20SE","CSPG","Spatial Variability",681.2,47.94,492.53
"589",2017,"TRM","20SE","FORB","Spatial Variability",161.62,62.5,44.6
"590",2017,"TRM","20SE","FORB","No Variability",161.62,62.5,18.6
"591",2017,"TRM","20SE","WSPG","No Variability",505.52,103.19,231.1
"592",2017,"TRM","20SE","WSPG","Spatial Variability",505.52,103.19,164.52
"593",2017,"TRM","24W","CSAG","Spatial Variability",22.73,172.17,0.17
"594",2017,"TRM","24W","CSAG","No Variability",22.73,172.17,0.23
"595",2017,"TRM","24W","CSPG","Spatial Variability",170.41,88.64,100.78
"596",2017,"TRM","24W","CSPG","No Variability",170.41,88.64,119.73
"597",2017,"TRM","24W","FORB","No Variability",45.2,24.84,63.79
"598",2017,"TRM","24W","FORB","Spatial Variability",45.2,24.84,80.58
"599",2017,"TRM","24W","WSPG","No Variability",541.7,17.09,338.38
"600",2017,"TRM","24W","WSPG","Spatial Variability",541.7,17.09,210.23
"601",2017,"TRM","25SE","CSAG","Spatial Variability",2.16,113.79,0.21
"602",2017,"TRM","25SE","CSAG","No Variability",2.16,113.79,0.46
"603",2017,"TRM","25SE","CSPG","Spatial Variability",104.85,108.31,111.63
"604",2017,"TRM","25SE","CSPG","No Variability",104.85,108.31,70.2
"605",2017,"TRM","25SE","FORB","Spatial Variability",47.9,52.37,65.49
"606",2017,"TRM","25SE","FORB","No Variability",47.9,52.37,34.86
"607",2017,"TRM","25SE","WSPG","No Variability",539.27,7,344.06
"608",2017,"TRM","25SE","WSPG","Spatial Variability",539.27,7,291.84
"609",2017,"TRM","26E","CSAG","Spatial Variability",5.96,77.84,0.12
"610",2017,"TRM","26E","CSAG","No Variability",5.96,77.84,0.45
"611",2017,"TRM","26E","CSPG","Spatial Variability",122.81,19.09,100.35
"612",2017,"TRM","26E","CSPG","No Variability",122.81,19.09,127.61
"613",2017,"TRM","26E","FORB","No Variability",160.11,75.65,102.38
"614",2017,"TRM","26E","FORB","Spatial Variability",160.11,75.65,109.52
"615",2017,"TRM","26E","WSPG","No Variability",800.67,18.03,270.4
"616",2017,"TRM","26E","WSPG","Spatial Variability",800.67,18.03,175.35
"617",2017,"TRM","31E","CSAG","Spatial Variability",4.07,81.71,0.13
"618",2017,"TRM","31E","CSAG","No Variability",4.07,81.71,0.1
"619",2017,"TRM","31E","CSPG","No Variability",65.86,141.29,42.72
"620",2017,"TRM","31E","CSPG","Spatial Variability",65.86,141.29,113.86
"621",2017,"TRM","31E","FORB","No Variability",178.48,99.63,22.18
"622",2017,"TRM","31E","FORB","Spatial Variability",178.48,99.63,49.18
"623",2017,"TRM","31E","WSPG","No Variability",594.94,13.61,11.13
"624",2017,"TRM","31E","WSPG","Spatial Variability",594.94,13.61,133.75
"625",2017,"TRM","5E","CSAG","Spatial Variability",6.93,177.03,0.17
"626",2017,"TRM","5E","CSAG","No Variability",6.93,177.03,0.14
"627",2017,"TRM","5E","CSPG","Spatial Variability",539.38,40.86,240.86
"628",2017,"TRM","5E","CSPG","No Variability",539.38,40.86,216.89
"629",2017,"TRM","5E","FORB","Spatial Variability",167.11,72.19,45.59
"630",2017,"TRM","5E","FORB","No Variability",167.11,72.19,35.03
"631",2017,"TRM","5E","WSPG","No Variability",388.61,42.3,134.28
"632",2017,"TRM","5E","WSPG","Spatial Variability",388.61,42.3,165.31
"633",2017,"TRM","7NW","CSAG","No Variability",0.42,132.67,0.12
"634",2017,"TRM","7NW","CSAG","Spatial Variability",0.42,132.67,0.12
"635",2017,"TRM","7NW","CSPG","No Variability",381.2,49.22,143.87
"636",2017,"TRM","7NW","CSPG","Spatial Variability",381.2,49.22,142.64
"637",2017,"TRM","7NW","FORB","No Variability",75.46,110,30.09
"638",2017,"TRM","7NW","FORB","Spatial Variability",75.46,110,48.13
"639",2017,"TRM","7NW","WSPG","Spatial Variability",502.83,32.65,185.68
"640",2017,"TRM","7NW","WSPG","No Variability",502.83,32.65,191.87
"641",2018,"CARM","10S","CSAG","No Variability",173.4,78.74,0.16
"642",2018,"CARM","10S","CSAG","Spatial Variability",173.4,78.74,3.17
"643",2018,"CARM","10S","CSPG","Spatial Variability",250.2,70.9,90.92
"644",2018,"CARM","10S","CSPG","No Variability",250.2,70.9,168.35
"645",2018,"CARM","10S","FORB","Spatial Variability",32.96,74.11,39.21
"646",2018,"CARM","10S","FORB","No Variability",32.96,74.11,66.59
"647",2018,"CARM","10S","WSPG","No Variability",186.62,21.67,214.05
"648",2018,"CARM","10S","WSPG","Spatial Variability",186.62,21.67,148.01
"649",2018,"CARM","17S","CSAG","Spatial Variability",99.97,127.33,7.13
"650",2018,"CARM","17S","CSAG","No Variability",99.97,127.33,5.6
"651",2018,"CARM","17S","CSPG","Spatial Variability",551.31,84.73,270.83
"652",2018,"CARM","17S","CSPG","No Variability",551.31,84.73,232.4
"653",2018,"CARM","17S","FORB","No Variability",74.86,103.15,50.09
"654",2018,"CARM","17S","FORB","Spatial Variability",74.86,103.15,66.47
"655",2018,"CARM","17S","WSPG","No Variability",463.25,62.31,160.03
"656",2018,"CARM","17S","WSPG","Spatial Variability",463.25,62.31,137.17
"657",2018,"CARM","18S","CSAG","No Variability",28.12,57.28,10.6
"658",2018,"CARM","18S","CSAG","Spatial Variability",28.12,57.28,9.4
"659",2018,"CARM","18S","CSPG","Spatial Variability",760.27,22.16,384.56
"660",2018,"CARM","18S","CSPG","No Variability",760.27,22.16,296.92
"661",2018,"CARM","18S","FORB","Spatial Variability",54.86,85.29,46.96
"662",2018,"CARM","18S","FORB","No Variability",54.86,85.29,47.41
"663",2018,"CARM","18S","WSPG","No Variability",77.57,45.16,118.57
"664",2018,"CARM","18S","WSPG","Spatial Variability",77.57,45.16,92.57
"665",2018,"CARM","20NW","CSAG","No Variability",39.02,113,19.4
"666",2018,"CARM","20NW","CSAG","Spatial Variability",39.02,113,13.95
"667",2018,"CARM","20NW","CSPG","No Variability",553.38,57.79,772.14
"668",2018,"CARM","20NW","CSPG","Spatial Variability",553.38,57.79,307.43
"669",2018,"CARM","20NW","FORB","No Variability",41.31,112.45,114.96
"670",2018,"CARM","20NW","FORB","Spatial Variability",41.31,112.45,106.55
"671",2018,"CARM","20NW","WSPG","Spatial Variability",488.24,70.3,162.93
"672",2018,"CARM","20NW","WSPG","No Variability",488.24,70.3,246.39
"673",2018,"CARM","21N","CSAG","Spatial Variability",152.58,90.62,20.02
"674",2018,"CARM","21N","CSAG","No Variability",152.58,90.62,27.94
"675",2018,"CARM","21N","CSPG","No Variability",279.8,57.8,391.81
"676",2018,"CARM","21N","CSPG","Spatial Variability",279.8,57.8,234.87
"677",2018,"CARM","21N","FORB","No Variability",87.36,127.1,172.62
"678",2018,"CARM","21N","FORB","Spatial Variability",87.36,127.1,101.16
"679",2018,"CARM","21N","WSPG","No Variability",157.72,16.25,394.83
"680",2018,"CARM","21N","WSPG","Spatial Variability",157.72,16.25,238.35
"681",2018,"CARM","25NW","CSAG","No Variability",162,11.86,21.77
"682",2018,"CARM","25NW","CSAG","Spatial Variability",162,11.86,5.61
"683",2018,"CARM","25NW","CSPG","Spatial Variability",179.08,44.41,87.82
"684",2018,"CARM","25NW","CSPG","No Variability",179.08,44.41,289.72
"685",2018,"CARM","25NW","FORB","Spatial Variability",19.37,64.5,33.14
"686",2018,"CARM","25NW","FORB","No Variability",19.37,64.5,66.58
"687",2018,"CARM","25NW","WSPG","No Variability",220.29,8.29,370.5
"688",2018,"CARM","25NW","WSPG","Spatial Variability",220.29,8.29,98.45
"689",2018,"CARM","26W","CSAG","Spatial Variability",166.17,17.75,24.7
"690",2018,"CARM","26W","CSAG","No Variability",166.17,17.75,57.8
"691",2018,"CARM","26W","CSPG","No Variability",162.13,12.88,211.88
"692",2018,"CARM","26W","CSPG","Spatial Variability",162.13,12.88,121.25
"693",2018,"CARM","26W","FORB","No Variability",145.62,55.21,134.46
"694",2018,"CARM","26W","FORB","Spatial Variability",145.62,55.21,79.77
"695",2018,"CARM","26W","WSPG","No Variability",246.19,17.29,318.48
"696",2018,"CARM","26W","WSPG","Spatial Variability",246.19,17.29,165.76
"697",2018,"CARM","31W","CSAG","No Variability",102.76,84.24,13.11
"698",2018,"CARM","31W","CSAG","Spatial Variability",102.76,84.24,15.84
"699",2018,"CARM","31W","CSPG","No Variability",249.89,126.88,95.26
"700",2018,"CARM","31W","CSPG","Spatial Variability",249.89,126.88,185.56
"701",2018,"CARM","31W","FORB","Spatial Variability",13.75,63.49,61.98
"702",2018,"CARM","31W","FORB","No Variability",13.75,63.49,37.4
"703",2018,"CARM","31W","WSPG","No Variability",161.06,65.74,113.92
"704",2018,"CARM","31W","WSPG","Spatial Variability",161.06,65.74,150.95
"705",2018,"CARM","7SE","CSAG","Spatial Variability",75.55,76.09,15.53
"706",2018,"CARM","7SE","CSAG","No Variability",75.55,76.09,11.69
"707",2018,"CARM","7SE","CSPG","No Variability",421.36,62.32,208.73
"708",2018,"CARM","7SE","CSPG","Spatial Variability",421.36,62.32,228.23
"709",2018,"CARM","7SE","FORB","Spatial Variability",25.59,84.63,102.09
"710",2018,"CARM","7SE","FORB","No Variability",25.59,84.63,43.53
"711",2018,"CARM","7SE","WSPG","No Variability",235.28,23.65,183.41
"712",2018,"CARM","7SE","WSPG","Spatial Variability",235.28,23.65,202.33
"713",2018,"CARM","8E","CSAG","Spatial Variability",12.52,27.38,0.23
"714",2018,"CARM","8E","CSAG","No Variability",12.52,27.38,0.13
"715",2018,"CARM","8E","CSPG","No Variability",160.5,70.78,141.32
"716",2018,"CARM","8E","CSPG","Spatial Variability",160.5,70.78,177.18
"717",2018,"CARM","8E","FORB","Spatial Variability",74.88,92.74,57.96
"718",2018,"CARM","8E","FORB","No Variability",74.88,92.74,46.22
"719",2018,"CARM","8E","WSPG","No Variability",280.1,20.05,252.94
"720",2018,"CARM","8E","WSPG","Spatial Variability",280.1,20.05,252.36
"721",2018,"TRM","15E","CSAG","Spatial Variability",328.2,45.08,41.79
"722",2018,"TRM","15E","CSAG","No Variability",328.2,45.08,48
"723",2018,"TRM","15E","CSPG","No Variability",47.09,69.7,52.54
"724",2018,"TRM","15E","CSPG","Spatial Variability",47.09,69.7,138.18
"725",2018,"TRM","15E","FORB","Spatial Variability",26.71,22.1,84.81
"726",2018,"TRM","15E","FORB","No Variability",26.71,22.1,71.5
"727",2018,"TRM","15E","WSPG","No Variability",247.07,26.86,245.31
"728",2018,"TRM","15E","WSPG","Spatial Variability",247.07,26.86,234.65
"729",2018,"TRM","17N","CSAG","Spatial Variability",113.54,150.35,8.48
"730",2018,"TRM","17N","CSAG","No Variability",113.54,150.35,12.98
"731",2018,"TRM","17N","CSPG","Spatial Variability",451.03,63.19,285.02
"732",2018,"TRM","17N","CSPG","No Variability",451.03,63.19,231.05
"733",2018,"TRM","17N","FORB","No Variability",98.74,71.58,29.29
"734",2018,"TRM","17N","FORB","Spatial Variability",98.74,71.58,45.67
"735",2018,"TRM","17N","WSPG","No Variability",723.45,77.48,153.97
"736",2018,"TRM","17N","WSPG","Spatial Variability",723.45,77.48,155.94
"737",2018,"TRM","19N","CSAG","No Variability",41.44,70.15,6.92
"738",2018,"TRM","19N","CSAG","Spatial Variability",41.44,70.15,11.35
"739",2018,"TRM","19N","CSPG","Spatial Variability",989.21,26.74,358.2
"740",2018,"TRM","19N","CSPG","No Variability",989.21,26.74,519.38
"741",2018,"TRM","19N","FORB","Spatial Variability",16.72,117.49,49.32
"742",2018,"TRM","19N","FORB","No Variability",16.72,117.49,40.73
"743",2018,"TRM","19N","WSPG","No Variability",116.45,51.22,183.84
"744",2018,"TRM","19N","WSPG","Spatial Variability",116.45,51.22,100.54
"745",2018,"TRM","20SE","CSAG","No Variability",11.59,155.39,4.87
"746",2018,"TRM","20SE","CSAG","Spatial Variability",11.59,155.39,7.12
"747",2018,"TRM","20SE","CSPG","No Variability",783.64,57.07,930.14
"748",2018,"TRM","20SE","CSPG","Spatial Variability",783.64,57.07,506.83
"749",2018,"TRM","20SE","FORB","Spatial Variability",52.78,104.45,37.49
"750",2018,"TRM","20SE","FORB","No Variability",52.78,104.45,14.53
"751",2018,"TRM","20SE","WSPG","Spatial Variability",463.95,82.41,142.38
"752",2018,"TRM","20SE","WSPG","No Variability",463.95,82.41,220.01
"753",2018,"TRM","24W","CSAG","Spatial Variability",124.12,49.12,32.32
"754",2018,"TRM","24W","CSAG","No Variability",124.12,49.12,34.76
"755",2018,"TRM","24W","CSPG","No Variability",124.86,58.15,109.95
"756",2018,"TRM","24W","CSPG","Spatial Variability",124.86,58.15,91.89
"757",2018,"TRM","24W","FORB","No Variability",61.12,69.63,63.28
"758",2018,"TRM","24W","FORB","Spatial Variability",61.12,69.63,62.41
"759",2018,"TRM","24W","WSPG","No Variability",313.12,16.09,318.64
"760",2018,"TRM","24W","WSPG","Spatial Variability",313.12,16.09,162.17
"761",2018,"TRM","25SE","CSAG","Spatial Variability",119.95,48.96,14.38
"762",2018,"TRM","25SE","CSAG","No Variability",119.95,48.96,13.18
"763",2018,"TRM","25SE","CSPG","Spatial Variability",103.03,54.44,86.27
"764",2018,"TRM","25SE","CSPG","No Variability",103.03,54.44,61.19
"765",2018,"TRM","25SE","FORB","Spatial Variability",11.34,97.43,66.96
"766",2018,"TRM","25SE","FORB","No Variability",11.34,97.43,34
"767",2018,"TRM","25SE","WSPG","No Variability",273.67,16.29,328.19
"768",2018,"TRM","25SE","WSPG","Spatial Variability",273.67,16.29,235.87
"769",2018,"TRM","26E","CSAG","No Variability",153.28,16.72,31.19
"770",2018,"TRM","26E","CSAG","Spatial Variability",153.28,16.72,9.29
"771",2018,"TRM","26E","CSPG","No Variability",83.39,65.4,120.74
"772",2018,"TRM","26E","CSPG","Spatial Variability",83.39,65.4,107.08
"773",2018,"TRM","26E","FORB","No Variability",118.71,81.74,103.19
"774",2018,"TRM","26E","FORB","Spatial Variability",118.71,81.74,57.38
"775",2018,"TRM","26E","WSPG","No Variability",245.65,36.47,259.75
"776",2018,"TRM","26E","WSPG","Spatial Variability",245.65,36.47,186.4
"777",2018,"TRM","31E","CSAG","Spatial Variability",105.48,59.79,27.75
"778",2018,"TRM","31E","CSAG","No Variability",105.48,59.79,0.5
"779",2018,"TRM","31E","CSPG","Spatial Variability",171.35,87.29,81.21
"780",2018,"TRM","31E","CSPG","No Variability",171.35,87.29,44.39
"781",2018,"TRM","31E","FORB","Spatial Variability",65.18,45.42,36.14
"782",2018,"TRM","31E","FORB","No Variability",65.18,45.42,16.87
"783",2018,"TRM","31E","WSPG","No Variability",410.61,25.06,8.44
"784",2018,"TRM","31E","WSPG","Spatial Variability",410.61,25.06,80.85
"785",2018,"TRM","5E","CSAG","Spatial Variability",17.02,115.05,6.55
"786",2018,"TRM","5E","CSAG","No Variability",17.02,115.05,15.53
"787",2018,"TRM","5E","CSPG","Spatial Variability",331.39,10.36,217.12
"788",2018,"TRM","5E","CSPG","No Variability",331.39,10.36,222.51
"789",2018,"TRM","5E","FORB","Spatial Variability",13.78,114.88,38.46
"790",2018,"TRM","5E","FORB","No Variability",13.78,114.88,25.4
"791",2018,"TRM","5E","WSPG","No Variability",214.17,30.51,112.53
"792",2018,"TRM","5E","WSPG","Spatial Variability",214.17,30.51,117.69
"793",2018,"TRM","7NW","CSAG","Spatial Variability",33.68,101.05,7.57
"794",2018,"TRM","7NW","CSAG","No Variability",33.68,101.05,4.52
"795",2018,"TRM","7NW","CSPG","No Variability",367,43.96,137.97
"796",2018,"TRM","7NW","CSPG","Spatial Variability",367,43.96,146.23
"797",2018,"TRM","7NW","FORB","No Variability",34.53,118.88,26.46
"798",2018,"TRM","7NW","FORB","Spatial Variability",34.53,118.88,34.33
"799",2018,"TRM","7NW","WSPG","No Variability",218.85,35.52,99.23
"800",2018,"TRM","7NW","WSPG","Spatial Variability",218.85,35.52,125.09
